High,Low
714.4444444444445,714.4444444444445
701.4206241519674,697.7320217096336
778.9385073146541,775.9103644929334
759.4460431654676,758.0906474820143
749.2642471505699,746.8011397720456
740.0288127922763,738.3757731181173
734.2911670663469,730.3776978417267
811.1681646168402,805.2265846736045
854.720304975923,843.5529695024077
888.2225994180408,884.5751697381183
