Warehouse,Volume (Ton)
BG,199585.42
GM,174824.96
SC,153264.03
HW,133748.38
BD,117639.0
JM,96261.28
DL,40660.58
WS,20425.31
DD,8481.4
Gt,3690.4900000000002
G1,3530.56
B1,3266.06
Jt,3241.63
ME,1417.26
BH,1029.62
Ht,1029.09
H1,916.68
B2,744.81
D1,347.92
Dt,275.4
S1,260.84000000000003
W1,200.05
J1,183.77
D2,5.1
